jhipster.tech/modules/creating_a_blueprint.html,https://jhipster.tech/modules/creating-a-blueprint/,,,,,
jhipster.tech/creating_a_module.html,https://jhipster.tech/modules/creating-a-module/,,,,,
jhipster.tech/modules/creating_a_module.html,https://jhipster.tech/modules/creating-a-module/,,,,,
jhipster.tech/extending_and_customizing.html,https://jhipster.tech/modules/extending-and-customizing/,,,,,
jhipster.tech/modules/extending_and_customizing.html,https://jhipster.tech/modules/extending-and-customizing/,,,,,
jhipster.tech/official-blueprints.html,https://jhipster.tech/modules/official-blueprints/,,,,,
jhipster.tech/modules/official-blueprints.html,https://jhipster.tech/modules/official-blueprints/,,,,,
jhipster.tech/companies-using-jhipster/companies-using-jhipster.html,https://jhipster.tech/companies-using-jhipster/,,,,,
jhipster.tech/2022/09/02/jhipster-release-7.9.4.html,https://jhipster.tech/2023/09/05/jhipster-release-7.9.4.html,,,,,
jhipster.tech/2024/12/23/jhipster-release-8.9.0.html,https://jhipster.tech/2025/02/08/jhipster-release-8.9.0.html,,,,,
jhipster.tech/blueprints/quarkus.html,https://jhipster.tech/blueprints/quarkus/,,,,,
jhipster.tech/artwork.html,https://jhipster.tech/artwork/,,,,,
jhipster.tech/modules/marketplace.html,https://jhipster.tech/modules/marketplace/,,,,,
jhipster.tech/clever-cloud.html,https://jhipster.tech/clever-cloud/,,,,,
jhipster.tech/configuring-ide-eclipse-gradle.html,https://jhipster.tech/configuring-ide-eclipse-gradle/,,,,,
jhipster.tech/development.html,https://jhipster.tech/development/,,,,,
jhipster.tech/doing-api-first-development.html,https://jhipster.tech/doing-api-first-development/,,,,,
jhipster.tech/fisher.html,https://jhipster.tech/fisher/,,,,,
jhipster.tech/fisherman.html,https://jhipster.tech/fisherman/,,,,,
jhipster.tech/help.html,https://jhipster.tech/help/,,,,,
